phrase,word1,word2,word1_length,word2_length,avg_length,familiarity,avg_zipf,categories,tone_score,tag_A,tag_D,tag_S,entropy,difficulty_score
hot dog,hot,dog,3,3,3.0,5,6.5,food,5,0,0,0,1,15.0
ice cream,ice,cream,3,5,4.0,5,6.5,food,5,0,0,0,1,18.0
card game,card,game,4,4,4.0,5,6.5,object_neutral,5,0,0,0,1,18.0
front door,front,door,5,4,4.5,5,6.5,household,5,0,0,0,1,19.5
high school,high,school,4,6,5.0,5,6.5,civic,25,0,0,0,1,21.0
fire truck,fire,truck,4,5,4.5,5,6.5,transport,10,0,0,0,1,19.5
rain coat,rain,coat,4,4,4.0,4,5.5,clothing,10,0,0,0,2,25.0
seat belt,seat,belt,4,4,4.0,5,6.5,transport,10,0,0,0,1,18.0
bus stop,bus,stop,3,4,3.5,5,6.5,transport,10,0,0,0,1,16.5
stop sign,stop,sign,4,4,4.0,5,6.5,transport,10,0,1,1,1,18.0
sign post,sign,post,4,4,4.0,4,5.5,object_neutral,5,0,0,1,1,20.0
post card,post,card,4,4,4.0,4,5.5,communication,20,0,0,0,1,20.0
credit card,credit,card,6,4,5.0,5,6.5,commerce,15,0,0,0,1,21.0
card table,card,table,4,5,4.5,4,5.5,household,5,0,0,0,1,21.5
table lamp,table,lamp,5,4,4.5,4,5.5,household,5,0,0,0,1,21.5
window shade,window,shade,6,5,5.5,4,5.5,household,5,0,0,0,2,29.5
window seat,window,seat,6,4,5.0,4,5.5,household,5,0,0,0,2,28.0
car seat,car,seat,3,4,3.5,5,6.5,transport,10,0,0,0,1,16.5
car wash,car,wash,3,4,3.5,5,6.5,commerce,15,0,0,0,1,16.5
hand wash,hand,wash,4,4,4.0,5,6.5,household,5,0,0,0,1,18.0
dish soap,dish,soap,4,4,4.0,4,5.5,household,5,0,0,0,1,20.0
soap dish,soap,dish,4,4,4.0,4,5.5,household,5,0,0,0,1,20.0
side dish,side,dish,4,4,4.0,5,6.5,food,5,1,0,0,2,23.0
side door,side,door,4,4,4.0,5,6.5,household,5,1,0,0,2,23.0
back door,back,door,4,4,4.0,5,6.5,household,5,0,0,0,1,18.0
door frame,door,frame,4,5,4.5,4,5.5,household,5,0,0,0,1,21.5
picture frame,picture,frame,7,5,6.0,4,5.5,household,5,0,0,0,1,26.0
time frame,time,frame,4,5,4.5,4,5.5,object_neutral,5,0,0,0,1,21.5
spare time,spare,time,5,4,4.5,4,5.5,object_neutral,5,0,0,0,1,21.5
time zone,time,zone,4,4,4.0,4,5.5,object_neutral,5,0,0,0,1,20.0
war zone,war,zone,3,4,3.5,4,5.5,civic,25,0,0,0,1,18.5
safe zone,safe,zone,4,4,4.0,4,5.5,object_neutral,5,0,0,0,1,20.0
comfort zone,comfort,zone,7,4,5.5,4,5.5,object_neutral,5,0,0,0,1,24.5
end zone,end,zone,3,4,3.5,4,5.5,object_neutral,5,0,0,0,1,18.5
school zone,school,zone,6,4,5.0,4,5.5,civic,25,0,0,0,1,23.0
school bus,school,bus,6,3,4.5,5,6.5,transport,10,0,0,0,1,19.5
tour bus,tour,bus,4,3,3.5,4,5.5,transport,10,0,0,0,1,18.5
bus route,bus,route,3,5,4.0,4,5.5,transport,10,0,0,0,1,20.0
trade route,trade,route,5,5,5.0,3,5.0,commerce;trade,15,0,0,0,1,24.0
trade show,trade,show,5,4,4.5,4,5.5,commerce,15,0,0,0,1,21.5
talk show,talk,show,4,4,4.0,4,5.5,communication,20,0,0,0,1,20.0
dinner time,dinner,time,6,4,5.0,5,6.5,food,5,0,0,0,2,26.0
tool box,tool,box,4,3,3.5,4,5.5,household,5,0,0,0,1,18.5
box car,box,car,3,3,3.0,4,5.5,transport,10,0,0,0,1,17.0
toy car,toy,car,3,3,3.0,5,6.5,object_neutral,5,0,0,0,1,15.0
race car,race,car,4,3,3.5,5,6.5,transport,10,0,0,0,1,16.5
car door,car,door,3,4,3.5,5,6.5,transport,10,0,0,0,1,16.5
garage door,garage,door,6,4,5.0,4,5.5,household,5,0,0,0,1,23.0
front porch,front,porch,5,5,5.0,4,5.5,architecture,15,0,0,0,2,28.0
porch swing,porch,swing,5,5,5.0,4,5.5,household,5,0,0,0,1,23.0
swing set,swing,set,5,3,4.0,4,5.5,object_neutral,5,0,0,0,1,20.0
tea set,tea,set,3,3,3.0,4,5.5,household,5,0,0,0,1,17.0
cake pan,cake,pan,4,3,3.5,4,5.5,household,5,0,0,0,1,18.5
frying pan,frying,pan,6,3,4.5,4,5.5,household,5,0,0,0,1,21.5
pan handle,pan,handle,3,6,4.5,4,5.5,household,5,0,0,0,1,21.5
door handle,door,handle,4,6,5.0,4,5.5,household,5,0,0,0,1,23.0
broom handle,broom,handle,5,6,5.5,4,5.5,household,5,0,0,0,1,24.5
broom closet,broom,closet,5,6,5.5,4,5.5,household,5,0,0,0,1,24.5
coat closet,coat,closet,4,6,5.0,4,5.5,household,5,0,0,0,1,23.0
coat rack,coat,rack,4,4,4.0,4,5.5,household,5,0,0,0,1,20.0
bike rack,bike,rack,4,4,4.0,4,5.5,object_neutral,5,0,0,0,1,20.0
bike path,bike,path,4,4,4.0,4,5.5,transport,10,0,0,0,1,20.0
garden path,garden,path,6,4,5.0,4,5.5,nature,10,0,0,0,1,23.0
garden hose,garden,hose,6,4,5.0,4,5.5,household,5,0,0,0,1,23.0
fire hose,fire,hose,4,4,4.0,4,5.5,object_neutral,5,0,0,0,1,20.0
hose reel,hose,reel,4,4,4.0,3,5.0,household,5,0,0,0,1,21.0
fishing reel,fishing,reel,7,4,5.5,4,5.5,object_neutral,5,0,0,0,1,24.5
fishing boat,fishing,boat,7,4,5.5,4,5.5,maritime,20,0,0,0,1,24.5
row boat,row,boat,3,4,3.5,4,5.5,maritime,20,0,0,0,1,18.5
boat dock,boat,dock,4,4,4.0,4,5.5,maritime,20,0,0,0,1,20.0
loading dock,loading,dock,7,4,5.5,4,5.5,commerce,15,0,0,0,1,24.5
dock worker,dock,worker,4,6,5.0,4,5.5,maritime;trade,20,0,0,0,1,23.0
farm worker,farm,worker,4,6,5.0,4,5.5,agriculture,10,0,0,0,1,23.0
farm house,farm,house,4,5,4.5,4,5.5,architecture,15,0,0,0,2,26.5
house plant,house,plant,5,5,5.0,4,5.5,household,5,0,0,0,1,23.0
plant pot,plant,pot,5,3,4.0,4,5.5,household,5,0,0,0,1,20.0
flower pot,flower,pot,6,3,4.5,4,5.5,household,5,0,1,0,1,21.5
flower bed,flower,bed,6,3,4.5,4,5.5,nature,10,0,0,0,1,21.5
bed sheet,bed,sheet,3,5,4.0,4,5.5,household,5,0,0,0,1,20.0
sheet music,sheet,music,5,5,5.0,4,5.5,music,15,0,0,0,1,23.0
music box,music,box,5,3,4.0,4,5.5,music,15,0,0,0,1,20.0
toy box,toy,box,3,3,3.0,5,6.5,household,5,0,0,0,1,15.0
sand box,sand,box,4,3,3.5,4,5.5,object_neutral,5,0,0,0,2,23.5
sand castle,sand,castle,4,6,5.0,4,5.5,object_neutral,5,0,0,0,1,23.0
sand dune,sand,dune,4,4,4.0,4,5.5,nature,10,0,0,0,1,20.0
beach ball,beach,ball,5,4,4.5,5,6.5,object_neutral,5,0,0,0,1,19.5
ball game,ball,game,4,4,4.0,5,6.5,object_neutral,5,0,0,0,1,18.0
game day,game,day,4,3,3.5,5,6.5,object_neutral,5,0,0,0,1,16.5
market day,market,day,6,3,4.5,4,5.5,commerce,15,0,0,0,1,21.5
day camp,day,camp,3,4,3.5,4,5.5,object_neutral,5,0,0,0,1,18.5
summer camp,summer,camp,6,4,5.0,4,5.5,object_neutral,5,0,0,0,1,23.0
camp fire,camp,fire,4,4,4.0,4,5.5,nature,10,0,0,0,1,20.0
fire pit,fire,pit,4,3,3.5,4,5.5,household,5,0,0,0,1,18.5
peach pit,peach,pit,5,3,4.0,4,5.5,food,5,0,0,0,1,20.0
pit stop,pit,stop,3,4,3.5,4,5.5,transport,10,0,0,0,1,18.5
full stop,full,stop,4,4,4.0,4,5.5,object_neutral,5,0,1,0,1,20.0
truck stop,truck,stop,5,4,4.5,4,5.5,transport,10,0,0,0,1,21.5
food truck,food,truck,4,5,4.5,4,5.5,food;transport,10,0,0,0,1,21.5
dump truck,dump,truck,4,5,4.5,4,5.5,transport,10,0,0,0,1,21.5
truck bed,truck,bed,5,3,4.0,4,5.5,transport,10,0,0,0,1,20.0
water bed,water,bed,5,3,4.0,4,5.5,household,5,0,0,0,1,20.0
water tank,water,tank,5,4,4.5,4,5.5,object_neutral,5,0,0,0,3,31.5
fish tank,fish,tank,4,4,4.0,4,5.5,household,5,0,0,0,1,20.0
tank top,tank,top,4,3,3.5,4,5.5,clothing,10,0,0,0,1,18.5
table top,table,top,5,3,4.0,4,5.5,household,5,0,0,0,1,20.0
top hat,top,hat,3,3,3.0,4,5.5,clothing,10,0,0,0,1,17.0
sun hat,sun,hat,3,3,3.0,4,5.5,clothing,10,0,0,0,1,17.0
hard hat,hard,hat,4,3,3.5,4,5.5,clothing,10,0,0,0,1,18.5
hat rack,hat,rack,3,4,3.5,4,5.5,household,5,0,0,0,1,18.5
dish rack,dish,rack,4,4,4.0,4,5.5,household,5,0,0,0,1,20.0
wine rack,wine,rack,4,4,4.0,4,5.5,household,5,0,0,0,1,20.0
book shelf,book,shelf,4,5,4.5,4,5.5,household,5,0,0,0,2,26.5
book store,book,store,4,5,4.5,4,5.5,commerce,15,0,0,0,2,26.5
store front,store,front,5,5,5.0,4,5.5,commerce,15,0,0,0,1,23.0
lake front,lake,front,4,5,4.5,4,5.5,nature,10,0,0,0,1,21.5
front yard,front,yard,5,4,4.5,4,5.5,household,5,0,0,0,1,21.5
yard sale,yard,sale,4,4,4.0,4,5.5,commerce,15,0,0,0,1,20.0
tag sale,tag,sale,3,4,3.5,4,5.5,commerce,15,0,0,0,1,18.5
price tag,price,tag,5,3,4.0,5,6.5,commerce,15,0,0,0,1,18.0
name tag,name,tag,4,3,3.5,5,6.5,object_neutral,5,0,0,0,1,16.5
dog tag,dog,tag,3,3,3.0,5,6.5,object_neutral,5,0,0,0,1,15.0
dog park,dog,park,3,4,3.5,5,6.5,nature,10,0,0,0,1,16.5
park bench,park,bench,4,5,4.5,4,5.5,object_neutral,5,0,0,0,1,21.5
work bench,work,bench,4,5,4.5,4,5.5,craft,15,0,0,0,1,21.5
bench press,bench,press,5,5,5.0,4,5.5,object_neutral,5,0,0,0,1,23.0
drill press,drill,press,5,5,5.0,3,5.0,craft,15,0,0,0,1,24.0
press box,press,box,5,3,4.0,4,5.5,object_neutral,5,0,0,0,1,20.0
mail box,mail,box,4,3,3.5,5,6.5,household,5,0,0,0,1,16.5
mail room,mail,room,4,4,4.0,4,5.5,object_neutral,5,0,0,0,1,20.0
living room,living,room,6,4,5.0,5,6.5,household,5,0,0,0,1,21.0
room key,room,key,4,3,3.5,5,6.5,household,5,0,0,0,1,16.5
car key,car,key,3,3,3.0,5,6.5,object_neutral,5,0,0,0,1,15.0
house key,house,key,5,3,4.0,5,6.5,household,5,0,0,0,1,18.0
key chain,key,chain,3,5,4.0,5,6.5,object_neutral,5,0,0,0,1,18.0
chain link,chain,link,5,4,4.5,4,5.5,object_neutral,5,0,0,0,1,21.5
link fence,link,fence,4,5,4.5,4,5.5,household,5,0,0,0,1,21.5
fence post,fence,post,5,4,4.5,4,5.5,household,5,0,0,0,1,21.5
lamp post,lamp,post,4,4,4.0,4,5.5,object_neutral,5,0,0,0,1,20.0
post office,post,office,4,6,5.0,5,6.5,civic,25,0,0,0,1,21.0
box office,box,office,3,6,4.5,4,5.5,commerce,15,0,0,0,1,21.5
office chair,office,chair,6,5,5.5,4,5.5,household,5,0,0,0,1,24.5
high chair,high,chair,4,5,4.5,4,5.5,household,5,0,0,0,1,21.5
chair lift,chair,lift,5,4,4.5,4,5.5,transport,10,0,0,0,1,21.5
ski lift,ski,lift,3,4,3.5,4,5.5,transport,10,0,0,0,2,23.5
fork lift,fork,lift,4,4,4.0,4,5.5,transport,10,0,0,0,1,20.0
salad fork,salad,fork,5,4,4.5,4,5.5,household,5,0,0,0,1,21.5
dinner fork,dinner,fork,6,4,5.0,4,5.5,household,5,0,0,0,1,23.0
dinner plate,dinner,plate,6,5,5.5,4,5.5,household,5,0,0,0,1,24.5
home plate,home,plate,4,5,4.5,4,5.5,object_neutral,5,0,0,0,1,21.5
plate glass,plate,glass,5,5,5.0,3,5.0,object_neutral,5,0,1,0,1,24.0
glass jar,glass,jar,5,3,4.0,4,5.5,household,5,0,1,0,1,20.0
cookie jar,cookie,jar,6,3,4.5,4,5.5,household,5,0,0,0,1,21.5
jam jar,jam,jar,3,3,3.0,4,5.5,household,5,0,0,0,1,17.0
paper jam,paper,jam,5,3,4.0,4,5.5,object_neutral,5,0,0,0,1,20.0
traffic jam,traffic,jam,7,3,5.0,4,5.5,transport,10,0,0,0,1,23.0
traffic light,traffic,light,7,5,6.0,4,5.5,transport,10,0,0,0,1,26.0
light bulb,light,bulb,5,4,4.5,4,5.5,household,5,0,0,0,1,21.5
tulip bulb,tulip,bulb,5,4,4.5,3,5.0,nature,10,0,0,0,1,22.5
flower shop,flower,shop,6,4,5.0,4,5.5,commerce,15,0,0,0,1,23.0
gift shop,gift,shop,4,4,4.0,4,5.5,commerce,15,0,0,0,1,20.0
shop floor,shop,floor,4,5,4.5,4,5.5,commerce,15,0,0,0,1,21.5
dance floor,dance,floor,5,5,5.0,4,5.5,object_neutral,5,0,0,0,1,23.0
floor plan,floor,plan,5,4,4.5,4,5.5,architecture,15,0,0,1,1,21.5
game plan,game,plan,4,4,4.0,4,5.5,object_neutral,5,0,0,1,1,20.0
flight plan,flight,plan,6,4,5.0,4,5.5,transport,10,0,0,1,1,23.0
flight deck,flight,deck,6,4,5.0,4,5.5,transport,10,0,0,0,1,23.0
pool deck,pool,deck,4,4,4.0,4,5.5,household,5,0,0,0,1,20.0
deck chair,deck,chair,4,5,4.5,4,5.5,household,5,0,0,0,1,21.5
lawn chair,lawn,chair,4,5,4.5,4,5.5,household,5,0,0,0,1,21.5
lawn mower,lawn,mower,4,5,4.5,4,5.5,household,5,0,0,0,1,21.5
push mower,push,mower,4,5,4.5,4,5.5,household,5,0,0,0,1,21.5
push cart,push,cart,4,4,4.0,4,5.5,object_neutral,5,0,0,0,1,20.0
golf cart,golf,cart,4,4,4.0,4,5.5,transport,10,0,0,0,1,20.0
cart wheel,cart,wheel,4,5,4.5,4,5.5,object_neutral,5,0,0,0,1,21.5
spare wheel,spare,wheel,5,5,5.0,4,5.5,transport,10,0,0,0,1,23.0
wheel chair,wheel,chair,5,5,5.0,4,5.5,object_neutral,5,0,0,0,1,23.0
rocking chair,rocking,chair,7,5,6.0,4,5.5,household,5,0,0,0,1,26.0
rocking horse,rocking,horse,7,5,6.0,4,5.5,object_neutral,5,0,0,0,1,26.0
horse barn,horse,barn,5,4,4.5,4,5.5,agriculture,10,0,0,0,1,21.5
dairy barn,dairy,barn,5,4,4.5,3,5.0,agriculture,10,0,0,0,1,22.5
barn door,barn,door,4,4,4.0,4,5.5,architecture,15,0,0,0,2,25.0
storm door,storm,door,5,4,4.5,4,5.5,household,5,0,0,0,1,21.5
storm cloud,storm,cloud,5,5,5.0,4,5.5,nature,10,0,0,0,1,23.0
rain cloud,rain,cloud,4,5,4.5,4,5.5,nature,10,0,0,0,2,26.5
cloud cover,cloud,cover,5,5,5.0,4,5.5,nature,10,1,0,0,1,23.0
book cover,book,cover,4,5,4.5,4,5.5,object_neutral,5,1,0,0,1,21.5
ground cover,ground,cover,6,5,5.5,3,5.0,nature,10,1,0,1,2,30.5
ground floor,ground,floor,6,5,5.5,4,5.5,architecture,15,0,0,1,1,24.5
ground beef,ground,beef,6,4,5.0,4,5.5,food,5,0,0,1,1,23.0
roast beef,roast,beef,5,4,4.5,4,5.5,food,5,0,0,0,1,21.5
pot roast,pot,roast,3,5,4.0,4,5.5,food,5,0,0,0,1,20.0
crock pot,crock,pot,5,3,4.0,4,5.5,household,5,0,0,0,1,20.0
coffee pot,coffee,pot,6,3,4.5,5,6.5,household,5,0,0,0,1,19.5
coffee cup,coffee,cup,6,3,4.5,5,6.5,household,5,0,1,0,1,19.5
paper cup,paper,cup,5,3,4.0,5,6.5,household,5,0,1,0,4,33.0
cup holder,cup,holder,3,6,4.5,4,5.5,object_neutral,5,0,0,0,1,21.5
candle holder,candle,holder,6,6,6.0,4,5.5,household,5,0,0,0,1,26.0
place holder,place,holder,5,6,5.5,4,5.5,object_neutral,5,0,0,0,1,24.5
card holder,card,holder,4,6,5.0,4,5.5,object_neutral,5,0,0,0,1,23.0
ticket holder,ticket,holder,6,6,6.0,4,5.5,object_neutral,5,0,0,0,1,26.0
ticket booth,ticket,booth,6,5,5.5,4,5.5,commerce,15,0,0,0,1,24.5
phone booth,phone,booth,5,5,5.0,4,5.5,communication,20,0,0,0,1,23.0
voting booth,voting,booth,6,5,5.5,3,5.0,civic,25,0,0,0,1,25.5
photo booth,photo,booth,5,5,5.0,4,5.5,object_neutral,5,0,0,0,1,23.0
photo album,photo,album,5,5,5.0,4,5.5,object_neutral,5,0,0,0,1,23.0
stamp album,stamp,album,5,5,5.0,3,5.0,object_neutral,5,0,0,0,1,24.0
postage stamp,postage,stamp,7,5,6.0,3,5.0,communication,20,0,0,0,1,27.0
rubber stamp,rubber,stamp,6,5,5.5,4,5.5,object_neutral,5,0,0,0,1,24.5
stamp pad,stamp,pad,5,3,4.0,4,5.5,object_neutral,5,0,0,0,1,20.0
note pad,note,pad,4,3,3.5,4,5.5,object_neutral,5,0,0,0,1,18.5
mouse pad,mouse,pad,5,3,4.0,4,5.5,object_neutral,5,0,0,0,1,20.0
lily pad,lily,pad,4,3,3.5,4,5.5,nature,10,0,0,0,1,18.5
heating pad,heating,pad,7,3,5.0,4,5.5,household,5,0,0,0,1,23.0
launch pad,launch,pad,6,3,4.5,4,5.5,object_neutral,5,0,0,0,1,21.5
knee pad,knee,pad,4,3,3.5,4,5.5,object_neutral,5,0,0,0,1,18.5
sketch pad,sketch,pad,6,3,4.5,4,5.5,craft,15,0,0,0,1,21.5
writing pad,writing,pad,7,3,5.0,4,5.5,object_neutral,5,0,0,0,1,23.0
legal pad,legal,pad,5,3,4.0,4,5.5,law,15,0,0,0,1,20.0
brake pad,brake,pad,5,3,4.0,4,5.5,transport,10,0,0,0,1,20.0
dinner bell,dinner,bell,6,4,5.0,4,5.5,household,5,0,0,0,1,23.0
bell tower,bell,tower,4,5,4.5,4,5.5,architecture,15,0,0,0,1,21.5
clock tower,clock,tower,5,5,5.0,4,5.5,architecture,15,0,0,0,1,23.0
water tower,water,tower,5,5,5.0,4,5.5,architecture,15,0,0,0,3,33.0
tower crane,tower,crane,5,5,5.0,3,5.0,object_neutral,5,0,0,0,1,24.0
paper crane,paper,crane,5,5,5.0,4,5.5,craft,15,0,0,0,4,38.0
crane lift,crane,lift,5,4,4.5,3,5.0,object_neutral,5,0,0,0,1,22.5
heavy lift,heavy,lift,5,4,4.5,4,5.5,object_neutral,5,0,1,0,1,21.5
face lift,face,lift,4,4,4.0,4,5.5,object_neutral,5,0,0,0,1,20.0
ski lodge,ski,lodge,3,5,4.0,4,5.5,architecture,15,0,0,0,2,25.0
hunting lodge,hunting,lodge,7,5,6.0,4,5.5,architecture,15,0,0,0,1,26.0
lodge pole,lodge,pole,5,4,4.5,3,5.0,object_neutral,5,0,0,0,1,22.5
flag pole,flag,pole,4,4,4.0,4,5.5,object_neutral,5,0,0,0,1,20.0
tent pole,tent,pole,4,4,4.0,4,5.5,object_neutral,5,0,0,0,1,20.0
pole barn,pole,barn,4,4,4.0,3,5.0,architecture,15,0,0,0,1,21.0
tent stake,tent,stake,4,5,4.5,4,5.5,object_neutral,5,0,0,0,1,21.5
tent flap,tent,flap,4,4,4.0,4,5.5,object_neutral,5,0,0,0,1,20.0
cat flap,cat,flap,3,4,3.5,4,5.5,household,5,0,0,0,1,18.5
mud flap,mud,flap,3,4,3.5,4,5.5,transport,10,0,0,0,1,18.5
pocket flap,pocket,flap,6,4,5.0,4,5.5,clothing,10,0,0,0,1,23.0
shirt pocket,shirt,pocket,5,6,5.5,4,5.5,clothing,10,0,0,0,1,24.5
front pocket,front,pocket,5,6,5.5,4,5.5,clothing,10,0,0,0,2,29.5
back pocket,back,pocket,4,6,5.0,4,5.5,clothing,10,0,0,0,1,23.0
pocket watch,pocket,watch,6,5,5.5,4,5.5,object_neutral,5,0,0,1,1,24.5
wrist watch,wrist,watch,5,5,5.0,4,5.5,object_neutral,5,0,0,1,1,23.0
watch band,watch,band,5,4,4.5,4,5.5,object_neutral,5,0,0,1,1,21.5
wedding band,wedding,band,7,4,5.5,4,5.5,object_neutral,5,0,0,1,1,24.5
rock band,rock,band,4,4,4.0,5,6.5,music,15,0,0,1,1,18.0
band wagon,band,wagon,4,5,4.5,4,5.5,object_neutral,5,0,0,1,1,21.5
station wagon,station,wagon,7,5,6.0,4,5.5,transport,10,0,0,0,1,26.0
train station,train,station,5,7,6.0,5,6.5,transport,10,0,0,0,1,24.0
gas station,gas,station,3,7,5.0,5,6.5,commerce,15,0,0,0,1,21.0
radio station,radio,station,5,7,6.0,4,5.5,communication,20,0,0,0,1,26.0
space station,space,station,5,7,6.0,4,5.5,object_neutral,5,0,0,0,2,31.0
space ship,space,ship,5,4,4.5,4,5.5,transport,10,0,0,0,2,26.5
cruise ship,cruise,ship,6,4,5.0,4,5.5,maritime,20,0,0,0,1,23.0
ship deck,ship,deck,4,4,4.0,4,5.5,maritime,20,0,0,0,1,20.0
sun deck,sun,deck,3,4,3.5,4,5.5,maritime,20,0,0,0,1,18.5
deck hand,deck,hand,4,4,4.0,4,5.5,maritime,20,0,0,0,1,20.0
farm hand,farm,hand,4,4,4.0,4,5.5,agriculture,10,0,0,0,2,25.0
hand rail,hand,rail,4,4,4.0,4,5.5,household,5,0,0,0,1,20.0
guard rail,guard,rail,5,4,4.5,4,5.5,object_neutral,5,0,0,0,1,21.5
rail car,rail,car,4,3,3.5,4,5.5,transport,10,0,0,0,1,18.5
cable car,cable,car,5,3,4.0,4,5.5,transport,10,0,0,0,1,20.0
cable box,cable,box,5,3,4.0,4,5.5,household,5,0,0,0,1,20.0
shoe box,shoe,box,4,3,3.5,4,5.5,household,5,0,0,0,1,18.5
shoe store,shoe,store,4,5,4.5,4,5.5,commerce,15,0,0,0,1,21.5
shoe rack,shoe,rack,4,4,4.0,4,5.5,household,5,0,0,0,1,20.0
bike shop,bike,shop,4,4,4.0,4,5.5,commerce,15,0,0,0,1,20.0
body shop,body,shop,4,4,4.0,4,5.5,commerce,15,0,0,0,1,20.0
print shop,print,shop,5,4,4.5,4,5.5,commerce,15,0,0,0,1,21.5
barber shop,barber,shop,6,4,5.0,4,5.5,commerce,15,0,0,0,1,23.0
shop window,shop,window,4,6,5.0,4,5.5,commerce,15,0,0,0,1,23.0
bay window,bay,window,3,6,4.5,4,5.5,architecture,15,0,0,0,1,21.5
window box,window,box,6,3,4.5,4,5.5,household,5,0,0,0,1,21.5
window pane,window,pane,6,4,5.0,4,5.5,household,5,0,0,0,1,23.0
glass pane,glass,pane,5,4,4.5,4,5.5,household,5,0,1,0,1,21.5
stained glass,stained,glass,7,5,6.0,4,5.5,craft,15,0,0,0,1,26.0
glass door,glass,door,5,4,4.5,4,5.5,household,5,0,1,0,1,21.5
sliding door,sliding,door,7,4,5.5,4,5.5,household,5,0,0,0,1,24.5
screen door,screen,door,6,4,5.0,4,5.5,household,5,0,0,0,1,23.0
screen print,screen,print,6,5,5.5,3,5.0,craft,15,0,0,0,1,25.5
fine print,fine,print,4,5,4.5,4,5.5,object_neutral,5,0,0,0,1,21.5
print run,print,run,5,3,4.0,3,5.0,commerce,15,0,0,0,1,21.0
trial run,trial,run,5,3,4.0,4,5.5,object_neutral,5,0,0,0,1,20.0
home run,home,run,4,3,3.5,5,6.5,object_neutral,5,0,0,0,1,16.5
run time,run,time,3,4,3.5,4,5.5,object_neutral,5,0,0,0,1,18.5
drive time,drive,time,5,4,4.5,4,5.5,transport,10,0,0,0,1,21.5
test drive,test,drive,4,5,4.5,4,5.5,commerce,15,0,0,0,1,21.5
hard drive,hard,drive,4,5,4.5,4,5.5,object_neutral,5,0,0,0,1,21.5
drive shaft,drive,shaft,5,5,5.0,3,5.0,transport,10,0,0,0,1,24.0
mine shaft,mine,shaft,4,5,4.5,3,5.0,object_neutral,5,0,0,0,1,22.5
elevator shaft,elevator,shaft,8,5,6.5,3,5.0,architecture,15,0,0,0,1,28.5
grain elevator,grain,elevator,5,8,6.5,3,5.0,agriculture,10,0,0,0,1,28.5
grain mill,grain,mill,5,4,4.5,3,5.0,agriculture,10,0,0,0,1,22.5
wind mill,wind,mill,4,4,4.0,4,5.5,architecture,15,0,0,0,1,20.0
mill stone,mill,stone,4,5,4.5,3,5.0,agriculture,10,0,0,0,1,22.5
stepping stone,stepping,stone,8,5,6.5,4,5.5,nature,10,0,0,0,1,27.5
stone wall,stone,wall,5,4,4.5,4,5.5,architecture,15,0,0,0,1,21.5
brick wall,brick,wall,5,4,4.5,4,5.5,architecture,15,0,0,0,1,21.5
sea wall,sea,wall,3,4,3.5,4,5.5,architecture,15,0,0,0,1,18.5
wall clock,wall,clock,4,5,4.5,4,5.5,household,5,0,0,0,1,21.5
alarm clock,alarm,clock,5,5,5.0,4,5.5,household,5,0,0,0,1,23.0
clock face,clock,face,5,4,4.5,4,5.5,object_neutral,5,0,0,0,1,21.5
clock hand,clock,hand,5,4,4.5,4,5.5,object_neutral,5,0,0,0,1,21.5
minute hand,minute,hand,6,4,5.0,4,5.5,object_neutral,5,0,0,0,1,23.0
second hand,second,hand,6,4,5.0,4,5.5,object_neutral,5,1,0,0,1,23.0
helping hand,helping,hand,7,4,5.5,4,5.5,object_neutral,5,0,0,0,1,24.5
poker hand,poker,hand,5,4,4.5,4,5.5,object_neutral,5,0,0,0,1,21.5
hand towel,hand,towel,4,5,4.5,4,5.5,household,5,0,0,0,1,21.5
paper towel,paper,towel,5,5,5.0,5,6.5,household,5,0,0,0,2,26.0
beach towel,beach,towel,5,5,5.0,4,5.5,household,5,0,0,0,1,23.0
towel rack,towel,rack,5,4,4.5,4,5.5,household,5,0,0,0,1,21.5
towel bar,towel,bar,5,3,4.0,4,5.5,household,5,0,0,0,1,20.0
snack bar,snack,bar,5,3,4.0,4,5.5,food,5,0,0,0,1,20.0
candy bar,candy,bar,5,3,4.0,5,6.5,food,5,0,0,0,1,18.0
salad bar,salad,bar,5,3,4.0,4,5.5,food,5,0,0,0,1,20.0
bar stool,bar,stool,3,5,4.0,4,5.5,household,5,0,0,0,1,20.0
piano stool,piano,stool,5,5,5.0,4,5.5,music,15,0,0,0,1,23.0
piano bench,piano,bench,5,5,5.0,4,5.5,music,15,0,0,0,1,23.0
piano key,piano,key,5,3,4.0,4,5.5,music,15,0,0,0,1,20.0
brass key,brass,key,5,3,4.0,4,5.5,object_neutral,5,0,0,0,1,20.0
skeleton key,skeleton,key,8,3,5.5,4,5.5,object_neutral,5,0,0,0,1,24.5
master key,master,key,6,3,4.5,4,5.5,object_neutral,5,0,0,0,1,21.5
pass key,pass,key,4,3,3.5,4,5.5,object_neutral,5,0,0,0,1,18.5
key ring,key,ring,3,4,3.5,4,5.5,object_neutral,5,0,0,0,1,18.5
boxing ring,boxing,ring,6,4,5.0,4,5.5,object_neutral,5,0,0,0,1,23.0
tree ring,tree,ring,4,4,4.0,4,5.5,nature,10,0,0,0,1,20.0
ring tone,ring,tone,4,4,4.0,4,5.5,communication,20,0,0,0,1,20.0
dial tone,dial,tone,4,4,4.0,4,5.5,communication,20,0,0,0,1,20.0
skin tone,skin,tone,4,4,4.0,4,5.5,object_neutral,5,0,0,0,1,20.0
earth tone,earth,tone,5,4,4.5,4,5.5,object_neutral,5,0,0,0,1,21.5
half tone,half,tone,4,4,4.0,3,5.0,music,15,1,0,0,1,21.0
tone arm,tone,arm,4,3,3.5,3,5.0,object_neutral,5,0,0,0,1,19.5
chair arm,chair,arm,5,3,4.0,4,5.5,household,5,0,0,0,1,20.0
arm rest,arm,rest,3,4,3.5,4,5.5,object_neutral,5,0,0,0,1,18.5
foot rest,foot,rest,4,4,4.0,4,5.5,object_neutral,5,0,0,0,1,20.0
bed rest,bed,rest,3,4,3.5,4,5.5,household,5,0,0,0,1,18.5
nest egg,nest,egg,4,3,3.5,4,5.5,object_neutral,5,0,0,0,1,18.5
egg roll,egg,roll,3,4,3.5,4,5.5,food,5,0,0,0,1,18.5
drum roll,drum,roll,4,4,4.0,4,5.5,music,15,0,0,0,1,20.0
rock roll,rock,roll,4,4,4.0,5,6.5,music,15,0,0,0,1,18.0
roll call,roll,call,4,4,4.0,4,5.5,object_neutral,5,0,0,0,1,20.0
phone call,phone,call,5,4,4.5,5,6.5,communication,20,0,0,0,1,19.5
wake call,wake,call,4,4,4.0,4,5.5,object_neutral,5,0,0,0,1,20.0
port call,port,call,4,4,4.0,3,5.0,maritime,20,0,0,0,1,21.0
port hole,port,hole,4,4,4.0,3,5.0,maritime,20,0,0,0,1,21.0
button hole,button,hole,6,4,5.0,4,5.5,clothing,10,0,0,0,1,23.0
shirt button,shirt,button,5,6,5.5,4,5.5,clothing,10,0,0,0,1,24.5
belly button,belly,button,5,6,5.5,4,5.5,object_neutral,5,0,0,0,1,24.5
pause button,pause,button,5,6,5.5,4,5.5,object_neutral,5,0,0,0,1,24.5
power button,power,button,5,6,5.5,4,5.5,object_neutral,5,0,0,0,1,24.5
power line,power,line,5,4,4.5,4,5.5,object_neutral,5,0,0,0,2,26.5
phone line,phone,line,5,4,4.5,4,5.5,communication,20,0,0,0,1,21.5
finish line,finish,line,6,4,5.0,4,5.5,object_neutral,5,0,0,0,1,23.0
goal line,goal,line,4,4,4.0,4,5.5,object_neutral,5,0,0,0,1,20.0
tree line,tree,line,4,4,4.0,4,5.5,nature,10,0,0,0,1,20.0
cruise line,cruise,line,6,4,5.0,4,5.5,maritime,20,0,0,0,1,23.0
line dance,line,dance,4,5,4.5,4,5.5,music,15,0,0,0,1,21.5
tap dance,tap,dance,3,5,4.0,4,5.5,music,15,0,0,0,1,20.0
square dance,square,dance,6,5,5.5,4,5.5,music,15,0,0,0,1,24.5
barn dance,barn,dance,4,5,4.5,4,5.5,music;festival,20,0,0,0,2,26.5
dance hall,dance,hall,5,4,4.5,4,5.5,music,15,0,0,0,1,21.5
town hall,town,hall,4,4,4.0,4,5.5,civic,25,0,0,0,1,20.0
city hall,city,hall,4,4,4.0,5,6.5,civic,25,0,0,0,1,18.0
foot path,foot,path,4,4,4.0,4,5.5,transport,10,0,0,0,1,20.0
tow path,tow,path,3,4,3.5,3,5.0,transport,10,0,0,0,1,19.5
hiking path,hiking,path,6,4,5.0,4,5.5,nature,10,0,0,0,1,23.0
hiking boot,hiking,boot,6,4,5.0,4,5.5,clothing,10,0,0,0,1,23.0
cowboy boot,cowboy,boot,6,4,5.0,4,5.5,clothing,10,0,0,0,1,23.0
boot camp,boot,camp,4,4,4.0,4,5.5,object_neutral,5,0,0,0,1,20.0
day pack,day,pack,3,4,3.5,4,5.5,object_neutral,5,0,0,0,1,18.5
pack mule,pack,mule,4,4,4.0,4,5.5,animal,10,0,0,0,1,20.0
ice pack,ice,pack,3,4,3.5,5,6.5,object_neutral,5,0,0,0,1,16.5
cold pack,cold,pack,4,4,4.0,4,5.5,object_neutral,5,0,0,0,1,20.0
fanny pack,fanny,pack,5,4,4.5,4,5.5,clothing,10,0,0,0,1,21.5
six pack,six,pack,3,4,3.5,4,5.5,object_neutral,5,0,0,0,1,18.5
pack horse,pack,horse,4,5,4.5,4,5.5,animal,10,0,0,0,1,21.5
horse shoe,horse,shoe,5,4,4.5,4,5.5,object_neutral,5,0,0,0,1,21.5
brake shoe,brake,shoe,5,4,4.5,3,5.0,transport,10,0,0,0,1,22.5
wooden shoe,wooden,shoe,6,4,5.0,4,5.5,clothing,10,0,0,0,1,23.0
shoe lace,shoe,lace,4,4,4.0,4,5.5,clothing,10,0,0,0,1,20.0
boot lace,boot,lace,4,4,4.0,4,5.5,clothing,10,0,0,0,1,20.0
lace trim,lace,trim,4,4,4.0,4,5.5,clothing,10,0,0,0,1,20.0
window trim,window,trim,6,4,5.0,4,5.5,household,5,0,0,0,1,23.0
hedge trim,hedge,trim,5,4,4.5,4,5.5,household,5,0,0,0,1,21.5
door trim,door,trim,4,4,4.0,4,5.5,household,5,0,0,0,1,20.0
trim tab,trim,tab,4,3,3.5,3,5.0,object_neutral,5,0,0,0,1,19.5
guitar tab,guitar,tab,6,3,4.5,4,5.5,music,15,0,0,0,1,21.5
bar tab,bar,tab,3,3,3.0,4,5.5,commerce,15,0,0,0,1,17.0
soda tab,soda,tab,4,3,3.5,4,5.5,object_neutral,5,0,0,0,1,18.5
tab key,tab,key,3,3,3.0,4,5.5,object_neutral,5,0,0,0,1,17.0
hot key,hot,key,3,3,3.0,4,5.5,object_neutral,5,0,0,0,1,17.0
skeleton crew,skeleton,crew,8,4,6.0,4,5.5,object_neutral,5,0,0,0,1,26.0
ground crew,ground,crew,6,4,5.0,4,5.5,transport,10,0,0,1,2,28.0
crew cut,crew,cut,4,3,3.5,4,5.5,object_neutral,5,0,0,0,1,18.5
buzz cut,buzz,cut,4,3,3.5,4,5.5,object_neutral,5,0,0,0,1,18.5
paper cut,paper,cut,5,3,4.0,5,6.5,object_neutral,5,0,0,0,4,33.0
price cut,price,cut,5,3,4.0,4,5.5,commerce,15,0,0,0,1,20.0
tax cut,tax,cut,3,3,3.0,4,5.5,commerce,15,0,0,0,1,17.0
crew neck,crew,neck,4,4,4.0,4,5.5,clothing,10,0,0,0,1,20.0
turtle neck,turtle,neck,6,4,5.0,4,5.5,clothing,10,0,0,0,1,23.0
bottle neck,bottle,neck,6,4,5.0,4,5.5,object_neutral,5,0,0,0,1,23.0
neck tie,neck,tie,4,3,3.5,4,5.5,clothing,10,0,0,0,1,18.5
bow tie,bow,tie,3,3,3.0,4,5.5,clothing,10,0,0,0,1,17.0
tie clip,tie,clip,3,4,3.5,4,5.5,clothing,10,0,0,0,1,18.5
paper clip,paper,clip,5,4,4.5,5,6.5,object_neutral,5,0,0,0,4,34.5
hair clip,hair,clip,4,4,4.0,4,5.5,object_neutral,5,0,0,0,1,20.0
video clip,video,clip,5,4,4.5,4,5.5,communication,20,0,0,0,1,21.5
spring clip,spring,clip,6,4,5.0,4,5.5,object_neutral,5,0,0,0,1,23.0
spring roll,spring,roll,6,4,5.0,4,5.5,food,5,0,0,0,1,23.0
spring water,spring,water,6,5,5.5,4,5.5,drink,10,0,0,0,1,24.5
tap water,tap,water,3,5,4.0,5,6.5,drink,10,0,1,0,1,18.0
fresh water,fresh,water,5,5,5.0,4,5.5,nature,10,0,0,0,1,23.0
salt water,salt,water,4,5,4.5,4,5.5,nature,10,0,0,0,1,21.5
water main,water,main,5,4,4.5,4,5.5,object_neutral,5,0,0,0,1,21.5
main street,main,street,4,6,5.0,5,6.5,civic,25,0,0,0,1,21.0
side street,side,street,4,6,5.0,4,5.5,civic,25,1,0,0,1,23.0
street sign,street,sign,6,4,5.0,4,5.5,civic,25,0,0,1,1,23.0
neon sign,neon,sign,4,4,4.0,4,5.5,object_neutral,5,0,0,1,1,20.0
peace sign,peace,sign,5,4,4.5,4,5.5,object_neutral,5,0,0,1,1,21.5
plus sign,plus,sign,4,4,4.0,4,5.5,object_neutral,5,0,0,1,1,20.0
dollar sign,dollar,sign,6,4,5.0,4,5.5,commerce,15,0,0,1,1,23.0
road sign,road,sign,4,4,4.0,4,5.5,transport,10,0,0,1,1,20.0
road map,road,map,4,3,3.5,5,6.5,transport,10,0,0,0,1,16.5
treasure map,treasure,map,8,3,5.5,4,5.5,object_neutral,5,0,0,0,1,24.5
site map,site,map,4,3,3.5,4,5.5,object_neutral,5,0,0,0,1,18.5
floor map,floor,map,5,3,4.0,4,5.5,object_neutral,5,0,0,0,1,20.0
trail map,trail,map,5,3,4.0,4,5.5,nature,10,0,0,0,2,25.0
nature trail,nature,trail,6,5,5.5,4,5.5,nature,10,0,0,0,1,24.5
paper trail,paper,trail,5,5,5.0,4,5.5,object_neutral,5,0,0,0,2,28.0
hiking trail,hiking,trail,6,5,5.5,4,5.5,nature,10,0,0,0,1,24.5
bike trail,bike,trail,4,5,4.5,4,5.5,nature,10,0,0,0,1,21.5
trail mix,trail,mix,5,3,4.0,4,5.5,food,5,0,0,0,2,25.0
cake mix,cake,mix,4,3,3.5,4,5.5,food,5,0,0,0,1,18.5
brownie mix,brownie,mix,7,3,5.0,4,5.5,food,5,0,0,0,1,23.0
sound mix,sound,mix,5,3,4.0,4,5.5,music,15,0,0,0,1,20.0
mix tape,mix,tape,3,4,3.5,4,5.5,music,15,0,0,0,1,18.5
duct tape,duct,tape,4,4,4.0,4,5.5,household,5,0,0,0,1,20.0
packing tape,packing,tape,7,4,5.5,4,5.5,household,5,0,0,0,1,24.5
tape deck,tape,deck,4,4,4.0,4,5.5,music,15,0,0,0,1,20.0
tape measure,tape,measure,4,7,5.5,4,5.5,household,5,0,0,0,1,24.5
half measure,half,measure,4,7,5.5,3,5.0,object_neutral,5,1,0,0,1,25.5
safety measure,safety,measure,6,7,6.5,4,5.5,object_neutral,5,0,0,0,1,27.5
gold bar,gold,bar,4,3,3.5,5,6.5,commerce,15,0,0,0,1,16.5
sand bar,sand,bar,4,3,3.5,4,5.5,nature,10,0,0,0,2,23.5
grab bar,grab,bar,4,3,3.5,4,5.5,household,5,0,0,0,1,18.5
tow bar,tow,bar,3,3,3.0,4,5.5,transport,10,0,0,0,1,17.0
steel bar,steel,bar,5,3,4.0,4,5.5,object_neutral,5,0,0,0,1,20.0
space bar,space,bar,5,3,4.0,4,5.5,object_neutral,5,0,0,0,1,20.0
bar code,bar,code,3,4,3.5,4,5.5,commerce,15,0,0,1,1,18.5
zip code,zip,code,3,4,3.5,5,6.5,civic,25,0,0,1,1,16.5
area code,area,code,4,4,4.0,5,6.5,communication,20,0,0,1,1,18.0
dress code,dress,code,5,4,4.5,4,5.5,social,25,0,0,1,1,21.5
code word,code,word,4,4,4.0,4,5.5,communication,20,0,0,1,1,20.0
pass word,pass,word,4,4,4.0,4,5.5,communication,20,0,0,0,1,20.0
key word,key,word,3,4,3.5,4,5.5,communication,20,0,0,0,1,18.5
last word,last,word,4,4,4.0,5,6.5,communication,20,0,0,0,1,18.0
word game,word,game,4,4,4.0,5,6.5,object_neutral,5,0,0,0,1,18.0
video game,video,game,5,4,4.5,5,6.5,object_neutral,5,0,0,0,1,19.5
board game,board,game,5,4,4.5,5,6.5,object_neutral,5,0,0,0,1,19.5
fair game,fair,game,4,4,4.0,4,5.5,object_neutral,5,0,0,0,1,20.0
wild game,wild,game,4,4,4.0,4,5.5,nature;food,10,0,1,0,1,20.0
end game,end,game,3,4,3.5,4,5.5,object_neutral,5,0,0,0,1,18.5
game bird,game,bird,4,4,4.0,4,5.5,animal,10,0,0,0,1,20.0
song bird,song,bird,4,4,4.0,4,5.5,animal,10,0,0,0,1,20.0
bird house,bird,house,4,5,4.5,4,5.5,household,5,0,0,0,1,21.5
tree house,tree,house,4,5,4.5,4,5.5,architecture,15,0,0,0,1,21.5
green house,green,house,5,5,5.0,4,5.5,architecture,15,0,0,0,1,23.0
guest house,guest,house,5,5,5.0,4,5.5,architecture,15,0,0,0,1,23.0
club house,club,house,4,5,4.5,4,5.5,architecture,15,0,0,0,1,21.5
house boat,house,boat,5,4,4.5,4,5.5,maritime,20,0,0,0,1,21.5
speed boat,speed,boat,5,4,4.5,4,5.5,maritime,20,0,0,0,1,21.5
steam boat,steam,boat,5,4,4.5,4,5.5,maritime,20,0,0,0,1,21.5
tug boat,tug,boat,3,4,3.5,4,5.5,maritime,20,0,0,0,1,18.5
boat race,boat,race,4,4,4.0,4,5.5,maritime,20,0,0,0,1,20.0
horse race,horse,race,5,4,4.5,4,5.5,animal,10,0,0,0,1,21.5
relay race,relay,race,5,4,4.5,4,5.5,object_neutral,5,0,0,0,1,21.5
race track,race,track,4,5,4.5,4,5.5,transport,10,0,0,0,1,21.5
train track,train,track,5,5,5.0,4,5.5,transport,10,0,0,0,1,23.0
sound track,sound,track,5,5,5.0,4,5.5,music,15,0,0,0,1,23.0
track meet,track,meet,5,4,4.5,4,5.5,object_neutral,5,0,0,1,1,21.5
swim meet,swim,meet,4,4,4.0,4,5.5,object_neutral,5,0,0,1,1,20.0
town meet,town,meet,4,4,4.0,3,5.0,civic,25,0,0,1,1,21.0
meat loaf,meat,loaf,4,4,4.0,4,5.5,food,5,0,0,0,1,20.0
sugar loaf,sugar,loaf,5,4,4.5,3,5.0,food,5,0,0,0,1,22.5
bread loaf,bread,loaf,5,4,4.5,4,5.5,food,5,0,0,0,1,21.5
banana bread,banana,bread,6,5,5.5,4,5.5,food,5,0,0,0,1,24.5
corn bread,corn,bread,4,5,4.5,4,5.5,food,5,0,0,0,1,21.5
bread crumb,bread,crumb,5,5,5.0,4,5.5,food,5,0,0,0,1,23.0
bread box,bread,box,5,3,4.0,4,5.5,household,5,0,0,0,2,25.0
bread basket,bread,basket,5,6,5.5,4,5.5,household,5,0,0,0,2,29.5
picnic basket,picnic,basket,6,6,6.0,4,5.5,object_neutral,5,0,0,0,1,26.0
gift basket,gift,basket,4,6,5.0,4,5.5,object_neutral,5,0,0,0,1,23.0
laundry basket,laundry,basket,7,6,6.5,4,5.5,household,5,0,0,0,1,27.5
cotton ball,cotton,ball,6,4,5.0,4,5.5,household,5,0,0,0,1,23.0
golf ball,golf,ball,4,4,4.0,4,5.5,object_neutral,5,0,0,0,1,20.0
tennis ball,tennis,ball,6,4,5.0,4,5.5,object_neutral,5,0,0,0,1,23.0
crystal ball,crystal,ball,7,4,5.5,4,5.5,object_neutral,5,0,0,0,1,24.5
theme park,theme,park,5,4,4.5,4,5.5,object_neutral,5,0,0,0,1,21.5
state park,state,park,5,4,4.5,4,5.5,nature,10,0,0,0,1,21.5
trailer park,trailer,park,7,4,5.5,4,5.5,object_neutral,5,0,0,0,1,24.5
car park,car,park,3,4,3.5,5,6.5,transport,10,0,0,0,2,21.5
park ranger,park,ranger,4,6,5.0,4,5.5,nature,10,0,0,0,1,23.0
forest ranger,forest,ranger,6,6,6.0,4,5.5,nature,10,0,0,0,1,26.0
forest fire,forest,fire,6,4,5.0,4,5.5,nature,10,0,0,0,2,28.0
forest floor,forest,floor,6,5,5.5,4,5.5,nature,10,0,0,0,2,29.5
ocean floor,ocean,floor,5,5,5.0,4,5.5,nature,10,0,0,0,1,23.0
ocean wave,ocean,wave,5,4,4.5,4,5.5,nature,10,0,1,0,1,21.5
heat wave,heat,wave,4,4,4.0,4,5.5,nature,10,0,1,0,1,20.0
wave pool,wave,pool,4,4,4.0,4,5.5,object_neutral,5,0,1,0,1,20.0
car pool,car,pool,3,4,3.5,5,6.5,transport,10,0,0,0,2,21.5
pool table,pool,table,4,5,4.5,4,5.5,household,5,0,0,0,1,21.5
coffee table,coffee,table,6,5,5.5,5,6.5,household,5,0,0,0,1,22.5
dinner table,dinner,table,6,5,5.5,5,6.5,household,5,0,0,0,2,27.5
water table,water,table,5,5,5.0,4,5.5,nature,10,0,0,0,3,33.0
end table,end,table,3,5,4.0,4,5.5,household,5,0,0,0,1,20.0
side table,side,table,4,5,4.5,4,5.5,household,5,1,0,0,1,21.5
table cloth,table,cloth,5,5,5.0,4,5.5,household,5,0,0,0,1,23.0
wash cloth,wash,cloth,4,5,4.5,4,5.5,household,5,0,0,0,1,21.5
dish cloth,dish,cloth,4,5,4.5,4,5.5,household,5,0,0,0,1,21.5
face cloth,face,cloth,4,5,4.5,4,5.5,household,5,0,0,0,1,21.5
cloth bag,cloth,bag,5,3,4.0,4,5.5,object_neutral,5,0,0,0,1,20.0
tote bag,tote,bag,4,3,3.5,4,5.5,object_neutral,5,0,0,0,1,18.5
sleeping bag,sleeping,bag,8,3,5.5,4,5.5,object_neutral,5,0,0,0,1,24.5
paper bag,paper,bag,5,3,4.0,5,6.5,household,5,0,0,0,1,18.0
bean bag,bean,bag,4,3,3.5,4,5.5,object_neutral,5,0,0,0,1,18.5
bag lunch,bag,lunch,3,5,4.0,4,5.5,food,5,0,0,0,1,20.0
box lunch,box,lunch,3,5,4.0,4,5.5,food,5,0,0,0,1,20.0
power lunch,power,lunch,5,5,5.0,4,5.5,social,25,0,0,0,2,28.0
lunch break,lunch,break,5,5,5.0,5,6.5,object_neutral,5,0,0,1,1,21.0
coffee break,coffee,break,6,5,5.5,5,6.5,object_neutral,5,0,0,1,1,22.5
spring break,spring,break,6,5,5.5,4,5.5,object_neutral,5,0,0,1,1,24.5
tax break,tax,break,3,5,4.0,4,5.5,commerce,15,0,0,1,1,20.0
lucky break,lucky,break,5,5,5.0,4,5.5,object_neutral,5,0,0,1,1,23.0
break room,break,room,5,4,4.5,4,5.5,object_neutral,5,0,0,1,1,21.5
class room,class,room,5,4,4.5,5,6.5,civic,25,0,0,0,1,19.5
show room,show,room,4,4,4.0,4,5.5,commerce,15,0,0,0,1,20.0
store room,store,room,5,4,4.5,4,5.5,household,5,0,0,0,1,21.5
room mate,room,mate,4,4,4.0,5,6.5,relationship,35,0,0,0,1,18.0
play mate,play,mate,4,4,4.0,4,5.5,relationship,35,0,0,0,1,20.0
team mate,team,mate,4,4,4.0,5,6.5,relationship,35,0,0,0,1,18.0
check mate,check,mate,5,4,4.5,4,5.5,object_neutral,5,0,0,0,1,21.5
soul mate,soul,mate,4,4,4.0,4,5.5,relationship,35,0,0,0,1,20.0
first mate,first,mate,5,4,4.5,4,5.5,maritime,20,0,0,0,1,21.5
